Applications,Company,Tipologia Applicazione
"3.0GL, 3.0GS, 3.0GLM-A/B/C","VOLVO PENTA","Inboard_Engines"
"3.0GLM-A/B/C","VOLVO PENTA","Inboard_Engines"
"3.0GLP-A/B/C","VOLVO PENTA","Inboard_Engines"
"3.0GLP-D, 3.0GLP-E","VOLVO PENTA","Inboard_Engines"
"3.0GLP-J, 3.0GLP-N","VOLVO PENTA","Inboard_Engines"
"3.0GSM-A/B/C","VOLVO PENTA","Inboard_Engines"
"3.0GSMBY","VOLVO PENTA","Inboard_Engines"
"3.0GSMLKD, 3.0GSPLKD","VOLVO PENTA","Inboard_Engines"
"3.0GSMNCA, 3.0GSMNCS","VOLVO PENTA","Inboard_Engines"
"3.0GSMWTR, 3.0GSMWTS","VOLVO PENTA","Inboard_Engines"
"3.0GSP-A/B/C","VOLVO PENTA","Inboard_Engines"
"3.0GSPBY","VOLVO PENTA","Inboard_Engines"
"3.0GSPNCA, 3.0GSPNCS","VOLVO PENTA","Inboard_Engines"
"3.0GSPWTR, 3.0GSPWTS","VOLVO PENTA","Inboard_Engines"
"4,3L, GL,GS, GI, GXI, OSI","VOLVO PENTA","Inboard_Engines"
"4.3GIJBYA, 4.3GIJWTR","VOLVO PENTA","Inboard_Engines"
"4.3GIPBYCCE","VOLVO PENTA","Inboard_Engines"
"4.3GiPEFS","VOLVO PENTA","Inboard_Engines"
"4.3GIPEFS","VOLVO PENTA","Inboard_Engines"
"4.3GIPHUSCE","VOLVO PENTA","Inboard_Engines"
"4.3GIPLKDCE, 4.3GIPLKECE","VOLVO PENTA","Inboard_Engines"
"4.3GIPNCACE","VOLVO PENTA","Inboard_Engines"
"4.3GIPNCBCE, 4.3GIPNCMCE, 4.3GIPNCSCE","VOLVO PENTA","Inboard_Engines"
"4.3GIPWTC, 4.3GIPWTR","VOLVO PENTA","Inboard_Engines"
"4.3GL-A/B/C/D, 4.3GS, 4.Gi","VOLVO PENTA","Inboard_Engines"
"4.3GL-E, 4.3GL-EF","VOLVO PENTA","Inboard_Engines"
"4.3GL-G, 4.3GL-GF","VOLVO PENTA","Inboard_Engines"
"4.3GLMMDA","VOLVO PENTA","Inboard_Engines"
"4.3GLPBYC","VOLVO PENTA","Inboard_Engines"
"4.3GLPEFS","VOLVO PENTA","Inboard_Engines"
"4.3GLPHUB","VOLVO PENTA","Inboard_Engines"
"4.3GLPLKD, 4.3GLPLKE","VOLVO PENTA","Inboard_Engines"
"4.3GLPMDA","VOLVO PENTA","Inboard_Engines"
"4.3GLPNCA, 4.3GLPNCB, 4.3GLPNCS","VOLVO PENTA","Inboard_Engines"
"4.3GLPWTC, 4.3GLPWTR","VOLVO PENTA","Inboard_Engines"
"4.3GL-J, 4.3GL-JF","VOLVO PENTA","Inboard_Engines"
"4.3GSJBYA","VOLVO PENTA","Inboard_Engines"
"4.3GSJLKD, 4.3GSJWTR","VOLVO PENTA","Inboard_Engines"
"4.3GSJNCC, 4.3GSJNCS","VOLVO PENTA","Inboard_Engines"
"4.3GSPBYC","VOLVO PENTA","Inboard_Engines"
"4.3GSPHUB, 4.3GSPHUS","VOLVO PENTA","Inboard_Engines"
"4.3GSPLKD, 4.3GSPLKE","VOLVO PENTA","Inboard_Engines"
"4.3GSPMDA","VOLVO PENTA","Inboard_Engines"
"4.3GSPNCA, 4.3GSPNCB","VOLVO PENTA","Inboard_Engines"
"4.3GSPNCM, 4.3GSPNCS","VOLVO PENTA","Inboard_Engines"
"4.3GSPWTC, 4.3GSPWTR","VOLVO PENTA","Inboard_Engines"
"4.3GXi-A/B/C/D/E/BF/CF/DF/EF","VOLVO PENTA","Inboard_Engines"
"4.3GXi-F, 4.3GXi-FF","VOLVO PENTA","Inboard_Engines"
"4.3GXi-G, 4.3GXi-GF","VOLVO PENTA","Inboard_Engines"
"4.3GXi-J, 4.3GXi-JF","VOLVO PENTA","Inboard_Engines"
"4.3GXiE-M","VOLVO PENTA","Inboard_Engines"
"4.3OSi-B/C/D/E/BF/CF/DF/EF","VOLVO PENTA","Inboard_Engines"
"4.3OSi-G, 4.3OSi-GF","VOLVO PENTA","Inboard_Engines"
"4.3OSi-F, 4.3OSi-FF","VOLVO PENTA","Inboard_Engines"
"4.3OSi-J, 4.3OSi-JF","VOLVO PENTA","Inboard_Engines"
"5.0FIPHUBCE, 5.0FIPHUCCE, 5.0FIPHUECE","VOLVO PENTA","Inboard_Engines"
"5.0FIPHURCE, 5.0FIPHUSCE","VOLVO PENTA","Inboard_Engines"
"5.0FiPMDA, 5.0FiPMDM","VOLVO PENTA","Inboard_Engines"
"5.0FIPNCACE, 5.0FIPNCBCE, 5.0FIPNCMCE","VOLVO PENTA","Inboard_Engines"
"5.0FIPNCSCE","VOLVO PENTA","Inboard_Engines"
"5.0FL, 5.0Fi, 5.0Gi","VOLVO PENTA","Inboard_Engines"
"5.0FLPHUB, 5.0FLPHUC","VOLVO PENTA","Inboard_Engines"
"5.0FLPHUE, 5.0FLPHUR, 5.0FLPHUS","VOLVO PENTA","Inboard_Engines"
"5.0FLPMDA","VOLVO PENTA","Inboard_Engines"
"5.0FLPNCA, 5.0FLPNCB","VOLVO PENTA","Inboard_Engines"
"5.0FLPNCM, 5.0FLPNCS","VOLVO PENTA","Inboard_Engines"
"5.0GIPBYCCE","VOLVO PENTA","Inboard_Engines"
"5.0GIPEFS","VOLVO PENTA","Inboard_Engines"
"5.0GIPWTR","VOLVO PENTA","Inboard_Engines"
"5.0GL-A/B/C/D/E","VOLVO PENTA","Inboard_Engines"
"5.0GL-F, 5.0GL-FF","VOLVO PENTA","Inboard_Engines"
"5.0GL-H, 5.0GL-HP","VOLVO PENTA","Inboard_Engines"
"5.0GL-J, 5.0GL-JF","VOLVO PENTA","Inboard_Engines"
"5.0GLPBYC","VOLVO PENTA","Inboard_Engines"
"5.0GLPEFS","VOLVO PENTA","Inboard_Engines"
"5.0GLPWTR","VOLVO PENTA","Inboard_Engines"
"5.0GXi-A/B/C/BF/CF/D/DF/E/EF","VOLVO PENTA","Inboard_Engines"
"5.0GXi-F, 5.0GXi-FF","VOLVO PENTA","Inboard_Engines"
"5.0GXi-G, 5.0GXi-GF","VOLVO PENTA","Inboard_Engines"
"5.0GXi-J, 5.0GXi-JF","VOLVO PENTA","Inboard_Engines"
"5.0GXi-N","VOLVO PENTA","Inboard_Engines"
"5.0GXiCE-J, 5.0GXiCE-JF","VOLVO PENTA","Inboard_Engines"
"5.0GXiCE-M, 5.0GXiCE-MF","VOLVO PENTA","Inboard_Engines"
"5.0GXiE-J, 5.0GXiE-JF","VOLVO PENTA","Inboard_Engines"
"5.0GXiE-K, 5.0GXiE-KF","VOLVO PENTA","Inboard_Engines"
"5.0GXiE-M, 5.0GXiE-MF","VOLVO PENTA","Inboard_Engines"
"5.0GXiE-N","VOLVO PENTA","Inboard_Engines"
"5.0L, FI, GL, FL, GXI, OSI","VOLVO PENTA","Inboard_Engines"
"5.0OSi-B/C/D/E/BF/CF/DF/EF","VOLVO PENTA","Inboard_Engines"
"5.0OSiE-J","VOLVO PENTA","Inboard_Engines"
"5.0OSiE-JF","VOLVO PENTA","Inboard_Engines"
"5.0OSi-F, 5.0OSi-FF","VOLVO PENTA","Inboard_Engines"
"5.0OSi-G, 5.0OSi-GF","VOLVO PENTA","Inboard_Engines"
"5.0OSi-J, 5.0OSi-JF","VOLVO PENTA","Inboard_Engines"
"5,7L, GI, GIL, OSI, GXI, OSXI","VOLVO PENTA","Inboard_Engines"
"5.7Gi-300-N","VOLVO PENTA","Inboard_Engines"
"5.7Gi-A/B/C/D/E/BF/CF/DF/EF","VOLVO PENTA","Inboard_Engines"
"5.7Gi-G, 5.7Gi-GF","VOLVO PENTA","Inboard_Engines"
"5.7Gi-F, 5.7Gi-FF, 5.7GXi-G, 5.7GXi-GF,","VOLVO PENTA","Inboard_Engines"
"5.7GiC-300-J, 5.7GiC-300-JF","VOLVO PENTA","Inboard_Engines"
"5.7GiCE-300-J, 5.7GiCE-300-JF","VOLVO PENTA","Inboard_Engines"
"5.7GiCE-300-M, 5.7GiCE-300-MF","VOLVO PENTA","Inboard_Engines"
"5.7GiE-300-J, 5.7GiE-300-JF,","VOLVO PENTA","Inboard_Engines"
"5.7GiE-300-K, 5.7GiE-300-KF,","VOLVO PENTA","Inboard_Engines"
"5.7GiE-300-M, 5.7GiE-300-MF,","VOLVO PENTA","Inboard_Engines"
"5.7GiE-300-N","VOLVO PENTA","Inboard_Engines"
"5.7GiI-A/C/D/E","VOLVO PENTA","Inboard_Engines"
"5.7GiI-F","VOLVO PENTA","Inboard_Engines"
"5.7GiI-G","VOLVO PENTA","Inboard_Engines"
"5.7Gi-300-J, 5.7Gi-300-JF","VOLVO PENTA","Inboard_Engines"
"5.7GIIMDA","VOLVO PENTA","Inboard_Engines"
"5.7GIINCCCE","VOLVO PENTA","Inboard_Engines"
"5.7GIINCSCE","VOLVO PENTA","Inboard_Engines"
"5.7GIPHUS","VOLVO PENTA","Inboard_Engines"
"5.7GIPLKDCE, 5.7GIPLKECE","VOLVO PENTA","Inboard_Engines"
"5.7GIPMDA, 5.7GIPMDACE","VOLVO PENTA","Inboard_Engines"
"5.7GIPNCMCE, 5.7GIPNCBCE","VOLVO PENTA","Inboard_Engines"
"5.7GIPNCSCE, 5.7GIPNCSCE","VOLVO PENTA","Inboard_Engines"
"5.7GL-A//B/C/D/E","VOLVO PENTA","Inboard_Engines"
"5.7GLIMDA","VOLVO PENTA","Inboard_Engines"
"5.7GLIPLKDCE","VOLVO PENTA","Inboard_Engines"
"5.7GLPLKA, 5.7GLPLKD, 5.7GLPLKE, 5.7GLPLKR","VOLVO PENTA","Inboard_Engines"
"5.7GLPMDA","VOLVO PENTA","Inboard_Engines"
"5.7GLPNCS","VOLVO PENTA","Inboard_Engines"
"5.7GSICPLKD","VOLVO PENTA","Inboard_Engines"
"5.7GSiI-A, 5.7GXI-A/B/D/DF/E/EF/F/FF","VOLVO PENTA","Inboard_Engines"
"5.7GSIPBYCCE, 5.7GSIPBYDCE","VOLVO PENTA","Inboard_Engines"
"5.7GSIPEFS","VOLVO PENTA","Inboard_Engines"
"5.7GSIPLKDCE, 5.7GSIPLKE","VOLVO PENTA","Inboard_Engines"
"5.7GSIPWTR","VOLVO PENTA","Inboard_Engines"
"5.7GSPBYC","VOLVO PENTA","Inboard_Engines"
"5.7GSPEFS","VOLVO PENTA","Inboard_Engines"
"5.7GSPLKD, 5.7GSPLKE","VOLVO PENTA","Inboard_Engines"
"5.7GSPWTR","VOLVO PENTA","Inboard_Engines"
"5.7GXi-C/D/E/F/CF/DF/EF/FF","VOLVO PENTA","Inboard_Engines"
"5.7GXi-J, 5.7GXi-JF","VOLVO PENTA","Inboard_Engines"
"5.7GXi-H, 5.7GXi-HF","VOLVO PENTA","Inboard_Engines"
"5.7GXi-N","VOLVO PENTA","Inboard_Engines"
"5.7GXiC-J, 5.7GXiC-JF","VOLVO PENTA","Inboard_Engines"
"5.7GXiCE-J, 5.7GXiCE-JF","VOLVO PENTA","Inboard_Engines"
"5.7GXiCE-M, 5.7GXiCE-MF","VOLVO PENTA","Inboard_Engines"
"5.7GXiE-J, 5.7GXiE-JF","VOLVO PENTA","Inboard_Engines"
"5.7GXiE-K, 5.7GXiE-KF","VOLVO PENTA","Inboard_Engines"
"5.7GXiE-M, 5.7GXiE-MF","VOLVO PENTA","Inboard_Engines"
"5.7GXiE-N","VOLVO PENTA","Inboard_Engines"
"5.7GXiI-A/B/C/D/E/F","VOLVO PENTA","Inboard_Engines"
"5.7GXiI-G","VOLVO PENTA","Inboard_Engines"
"5.7GXiI-H","VOLVO PENTA","Inboard_Engines"
"5.7OSi-A/B/C/D/DAF/BF/CF/DF","VOLVO PENTA","Inboard_Engines"
"5.7OSi-E, 5.7OSi-EF, 5.7OSXi-E, 5.7OSXi-EF","VOLVO PENTA","Inboard_Engines"
"5.7OSi-300-J, 5.7OSi-300-JF","VOLVO PENTA","Inboard_Engines"
"5.7OSi-G, 5.7OSi-GF","VOLVO PENTA","Inboard_Engines"
"5.7OSiE-300-J, 5.7OSiE-300-JF","VOLVO PENTA","Inboard_Engines"
"5.7OSXi-A/B/C/D/AF/BF/CF/DF","VOLVO PENTA","Inboard_Engines"
"5.7OSXi-E, 5.7OSXi-EF","VOLVO PENTA","Inboard_Engines"
"5.7OSXi-G, 5.7OXi-GF","VOLVO PENTA","Inboard_Engines"
"5.7OSXi-J, 5.7OXi-JF","VOLVO PENTA","Inboard_Engines"
"5.7OSXiE-J, 5.7OSXiE-JF","VOLVO PENTA","Inboard_Engines"
"5.7GS, 5.7GSi, 5.8FL, 5.8FSi","VOLVO PENTA","Inboard_Engines"
"5.8Fi, 500A, 500B, 501A, 501B, 570A","VOLVO PENTA","Inboard_Engines"
"5.8FIIHUBCE, 5.8FIIHUECE","VOLVO PENTA","Inboard_Engines"
"5.8FIPHUBCE","VOLVO PENTA","Inboard_Engines"
"5.8FIPHUCCE, 5.8FIPHUECE, 5.8FIPHURCE","VOLVO PENTA","Inboard_Engines"
"5.8FIPHUSCE","VOLVO PENTA","Inboard_Engines"
"5.8FiPMDA, 5.8FiPMDM","VOLVO PENTA","Inboard_Engines"
"5.8FIPNCACE, 5.8FIPNCBCE, 5.8FIPNCMCE","VOLVO PENTA","Inboard_Engines"
"5.8FIPNCSCE","VOLVO PENTA","Inboard_Engines"
"5.8FLIHUB, 5,8FLIHUE","VOLVO PENTA","Inboard_Engines"
"5.8FLINCC, 5.8FLINCS","VOLVO PENTA","Inboard_Engines"
"5.8FLPHUC","VOLVO PENTA","Inboard_Engines"
"5.8FLPHUE, 5.8FLPHUR","VOLVO PENTA","Inboard_Engines"
"5.8FLPMDA","VOLVO PENTA","Inboard_Engines"
"5.8FLPNCA","VOLVO PENTA","Inboard_Engines"
"5.8FLPNCB, 5.8FLPNCM, 5.8FLPNCS","VOLVO PENTA","Inboard_Engines"
"5.8FSIINCC","VOLVO PENTA","Inboard_Engines"
"5.8FSIINCS","VOLVO PENTA","Inboard_Engines"
"5.8FSIPHUBCE","VOLVO PENTA","Inboard_Engines"
"5.8FSIPHUCCE, 5.8FSIPHUECE, 5.8FSIPHURCE","VOLVO PENTA","Inboard_Engines"
"5.8FSIPHUSCE","VOLVO PENTA","Inboard_Engines"
"5.8FSIPNCACE, 5.8FSIPNCD","VOLVO PENTA","Inboard_Engines"
"5.8FSIPNCS","VOLVO PENTA","Inboard_Engines"
"5.8L, FL, FI, FSI","VOLVO PENTA","Inboard_Engines"
"7.45Gi","VOLVO PENTA","Inboard_Engines"
"7.4GIIHUBCE","VOLVO PENTA","Inboard_Engines"
"7.4GIINCCCE","VOLVO PENTA","Inboard_Engines"
"7.4GIINCSCE","VOLVO PENTA","Inboard_Engines"
"7.4GIPBYCCE, 7.4GIPBYDCE","VOLVO PENTA","Inboard_Engines"
"7.4GiPEFS","VOLVO PENTA","Inboard_Engines"
"7.4GIPLKDCE, 7.4GIPLKECE","VOLVO PENTA","Inboard_Engines"
"7.4GIPNCACE","VOLVO PENTA","Inboard_Engines"
"7.4GIPNCBCE, 7.4GIPNCMCE, 7.4GIPNCSCE","VOLVO PENTA","Inboard_Engines"
"7.4GIPWTR","VOLVO PENTA","Inboard_Engines"
"7.4GLIHUB, 7.4GLIHUB","VOLVO PENTA","Inboard_Engines"
"7.4GLIMDA,7.4GLIMDM","VOLVO PENTA","Inboard_Engines"
"7.4GLINCC, 7.4GLINCS","VOLVO PENTA","Inboard_Engines"
"7.4GLPHUS, 7.4GIPHUSCE","VOLVO PENTA","Inboard_Engines"
"7.4GLPLKD, 7.4GLPLKE","VOLVO PENTA","Inboard_Engines"
"7.4GLPMDA, 7.4GLPMDM","VOLVO PENTA","Inboard_Engines"
"7.4GLPNCA, 7.4GLPNCS, 7.4GLPNCM, 7.4GLPNCB","VOLVO PENTA","Inboard_Engines"
"7.4GSi,","VOLVO PENTA","Inboard_Engines"
"7.4GSIINCC, 7.4GSIINCS","VOLVO PENTA","Inboard_Engines"
"7.4GSIPBYCCE","VOLVO PENTA","Inboard_Engines"
"7.4GSiPEFS","VOLVO PENTA","Inboard_Engines"
"7.4GSIPWTR","VOLVO PENTA","Inboard_Engines"
"7.4GSIXHUS","VOLVO PENTA","Inboard_Engines"
"7.4GSIXNCB, 7.4GSIXNCM","VOLVO PENTA","Inboard_Engines"
"7.4L, GL, GI","VOLVO PENTA","Inboard_Engines"
"8,1L, GI, GXI, OSI","VOLVO PENTA","Inboard_Engines"
"8.1GI-A/B/BF/C/CF/D/DF/E/EF/F/FF","VOLVO PENTA","Inboard_Engines"
"8.1Gi-G, 8.1Gi-GF","VOLVO PENTA","Inboard_Engines"
"8.1Gi-H, 8.1Gi-HF","VOLVO PENTA","Inboard_Engines"
"8.1Gi-J, 8.1Gi-JF","VOLVO PENTA","Inboard_Engines"
"8.1GiC-400-J, 8.1GiC-400JF, 8.1GiC-400-Q","VOLVO PENTA","Inboard_Engines"
"8.1GiCE-400-J, 8.1GiCE-400JF","VOLVO PENTA","Inboard_Engines"
"8.1GiCE-400-M, 8.1GiCE-400MF","VOLVO PENTA","Inboard_Engines"
"8.1GII-A/B/C/E/F","VOLVO PENTA","Inboard_Engines"
"8.1GiI-G","VOLVO PENTA","Inboard_Engines"
"8.1GiI-H","VOLVO PENTA","Inboard_Engines"
"8.1GiE-J, 8.1GiE-JF","VOLVO PENTA","Inboard_Engines"
"8.1GiE-K, 8.1GiE-KF","VOLVO PENTA","Inboard_Engines"
"8.1GiE-M, 8.1GiE-MF","VOLVO PENTA","Inboard_Engines"
"8.1GSI-A, 8.1GSII-A","VOLVO PENTA","Inboard_Engines"
"8.1GXI-A/AF/B/BF/C/CF/D/DF/E/EF","VOLVO PENTA","Inboard_Engines"
"8.1GXi-F, 8.1GXi-FF","VOLVO PENTA","Inboard_Engines"
"8.1GXi-G, 8.1GXi-GF","VOLVO PENTA","Inboard_Engines"
"8.1GXi-J, 8.1GXi-JF","VOLVO PENTA","Inboard_Engines"
"8.1GXiI-F","VOLVO PENTA","Inboard_Engines"
"8.1GXiI-G","VOLVO PENTA","Inboard_Engines"
"8.1GXiE-J, 8.1GXiE-JF","VOLVO PENTA","Inboard_Engines"
"8.1GXiE-K, 8.1GXiE-KF","VOLVO PENTA","Inboard_Engines"
"8.1GXiE-M, 8.1GXiE-MF","VOLVO PENTA","Inboard_Engines"
"8.1GXII-A/B/C/D/E","VOLVO PENTA","Inboard_Engines"
"8.1IPSCE-JF, 8.1IPSCE-MF","VOLVO PENTA","Inboard_Engines"
"8.1OSI-A/AF/B/BF","VOLVO PENTA","Inboard_Engines"
"8.1OSi-C, 8.1OSi-CF","VOLVO PENTA","Inboard_Engines"
"8.1OSi-D, 8.1OSi-DF","VOLVO PENTA","Inboard_Engines"
"8.1OSi-J, 8.10OSi-JF","VOLVO PENTA","Inboard_Engines"
"8.1OSiE-J, 8.1OSiE-JF","VOLVO PENTA","Inboard_Engines"
"8.2 GL","VOLVO PENTA","Inboard_Engines"
"8.2GLIMDA, 8.2GLIMDM","VOLVO PENTA","Inboard_Engines"
"8.2GLPMDM, 8.2GLPMDM","VOLVO PENTA","Inboard_Engines"
"8.2GSIPBYCCE","VOLVO PENTA","Inboard_Engines"
"8.2GSiPEFS","VOLVO PENTA","Inboard_Engines"
"8.2GSIPWTR","VOLVO PENTA","Inboard_Engines"
"8.2GSIXNCB","VOLVO PENTA","Inboard_Engines"
"8.2L, GL","VOLVO PENTA","Inboard_Engines"
"110S","VOLVO PENTA","Inboard_Engines"
"120S,120S-B,120S-C,120S-D,120S-E","VOLVO PENTA","Inboard_Engines"
"120S-E","VOLVO PENTA","Inboard_Engines"
"200,250,270,280DP,280PT","VOLVO PENTA","Inboard_Engines"
"2001/2002/2003","VOLVO PENTA","Inboard_Engines"
"2001AG-2001B - 2001BG","VOLVO PENTA","Inboard_Engines"
"2001B/2002B/2003B","VOLVO PENTA","Inboard_Engines"
"2002 - 2002AG-2002B - 2002BG - 2002D","VOLVO PENTA","Inboard_Engines"
"2003 -2003AG-2003B - 2003BG - 2003D","VOLVO PENTA","Inboard_Engines"
"200-290DPA,SP,DP-A to DP-E and DPX","VOLVO PENTA","Inboard_Engines"
"200-290DPA,SP,DP-A to DP-E and","VOLVO PENTA","Inboard_Engines"
"2003T, 2003TB, AQD21A, AQD21B","VOLVO PENTA","Inboard_Engines"
"230","VOLVO PENTA","Inboard_Engines"
"230A,B","VOLVO PENTA","Inboard_Engines"
"230B","VOLVO PENTA","Inboard_Engines"
"230A/SP-A/MT","VOLVO PENTA","Inboard_Engines"
"230A/SP-A/SP","VOLVO PENTA","Inboard_Engines"
"250","VOLVO PENTA","Inboard_Engines"
"250A/SP-A/MT","VOLVO PENTA","Inboard_Engines"
"250A,B","VOLVO PENTA","Inboard_Engines"
"250A/B","VOLVO PENTA","Inboard_Engines"
"251A","VOLVO PENTA","Inboard_Engines"
"251A","VOLVO PENTA","Inboard_Engines"
"280B, 290A, 290DP","VOLVO PENTA","Inboard_Engines"
"290,290A,290DP,290DPA,DP-A,DP-A1,","VOLVO PENTA","Inboard_Engines"
"430A, 430B, 431A, 431B, 432A, 434A","VOLVO PENTA","Inboard_Engines"
"430A/B","VOLVO PENTA","Inboard_Engines"
"431A/B","VOLVO PENTA","Inboard_Engines"
"432A","VOLVO PENTA","Inboard_Engines"
"434A","VOLVO PENTA","Inboard_Engines"
"500A","VOLVO PENTA","Inboard_Engines"
"500A","VOLVO PENTA","Inboard_Engines"
"500B","VOLVO PENTA","Inboard_Engines"
"500B","VOLVO PENTA","Inboard_Engines"
"501A","VOLVO PENTA","Inboard_Engines"
"501A","VOLVO PENTA","Inboard_Engines"
"501A/MS4","VOLVO PENTA","Inboard_Engines"
"501B","VOLVO PENTA","Inboard_Engines"
"501B","VOLVO PENTA","Inboard_Engines"
"570A, 572A","VOLVO PENTA","Inboard_Engines"
"570A/MS4A, 571A, 572A, 7.4GL","VOLVO PENTA","Inboard_Engines"
"571A","VOLVO PENTA","Inboard_Engines"
"571A","VOLVO PENTA","Inboard_Engines"
"740A","VOLVO PENTA","Inboard_Engines"
"740B","VOLVO PENTA","Inboard_Engines"
"740A, 740B","VOLVO PENTA","Inboard_Engines"
"AD30/A","VOLVO PENTA","Inboard_Engines"
"AD30A","VOLVO PENTA","Inboard_Engines"
"AD31A, AD31B, AD31D, AD31L-A","VOLVO PENTA","Inboard_Engines"
"AD31A/B/D/XD","VOLVO PENTA","Inboard_Engines"
"AD31P-A, AD31XD, AD41A, AD41B","VOLVO PENTA","Inboard_Engines"
"AD40B","VOLVO PENTA","Inboard_Engines"
"AD41A, AD41B,","VOLVO PENTA","Inboard_Engines"
"AD41D, AD41L-A, AD41P-A","VOLVO PENTA","Inboard_Engines"
"AD41A/B/D","VOLVO PENTA","Inboard_Engines"
"AQ31, AQ41 All Models/Tutti Modelli","VOLVO PENTA","Inboard_Engines"
"AQ60F","VOLVO PENTA","Inboard_Engines"
"AQ60F","VOLVO PENTA","Inboard_Engines"
"AQ60F","VOLVO PENTA","Inboard_Engines"
"AQ70BL","VOLVO PENTA","Inboard_Engines"
"AQ70CL","VOLVO PENTA","Inboard_Engines"
"AQ80","VOLVO PENTA","Inboard_Engines"
"AQ80,S","VOLVO PENTA","Inboard_Engines"
"AQ90","VOLVO PENTA","Inboard_Engines"
"AQ90","VOLVO PENTA","Inboard_Engines"
"AQ90","VOLVO PENTA","Inboard_Engines"
"AQ95","VOLVO PENTA","Inboard_Engines"
"AQ95,A","VOLVO PENTA","Inboard_Engines"
"AQ95A","VOLVO PENTA","Inboard_Engines"
"AQ100","VOLVO PENTA","Inboard_Engines"
"AQ100","VOLVO PENTA","Inboard_Engines"
"AQ100","VOLVO PENTA","Inboard_Engines"
"AQ105","VOLVO PENTA","Inboard_Engines"
"AQ105","VOLVO PENTA","Inboard_Engines"
"AQ105,A","VOLVO PENTA","Inboard_Engines"
"AQ110","VOLVO PENTA","Inboard_Engines"
"AQ110","VOLVO PENTA","Inboard_Engines"
"AQ110,B","VOLVO PENTA","Inboard_Engines"
"AQ115","VOLVO PENTA","Inboard_Engines"
"AQ115A,B","VOLVO PENTA","Inboard_Engines"
"AQ115A,B","VOLVO PENTA","Inboard_Engines"
"AQ115A","VOLVO PENTA","Inboard_Engines"
"AQ120","VOLVO PENTA","Inboard_Engines"
"AQ120B","VOLVO PENTA","Inboard_Engines"
"AQ120A/B","VOLVO PENTA","Inboard_Engines"
"AQ120B","VOLVO PENTA","Inboard_Engines"
"AQ125A","VOLVO PENTA","Inboard_Engines"
"AQ125A,B","VOLVO PENTA","Inboard_Engines"
"AQ125A,B","VOLVO PENTA","Inboard_Engines"
"AQ125B","VOLVO PENTA","Inboard_Engines"
"AQ130","VOLVO PENTA","Inboard_Engines"
"AQ130A,B","VOLVO PENTA","Inboard_Engines"
"AQ130A,B","VOLVO PENTA","Inboard_Engines"
"AQ130A,B,C,D","VOLVO PENTA","Inboard_Engines"
"AQ131A,B,C,D","VOLVO PENTA","Inboard_Engines"
"AQ131A,B,C,D","VOLVO PENTA","Inboard_Engines"
"AQ131B,C","VOLVO PENTA","Inboard_Engines"
"AQ131A,D","VOLVO PENTA","Inboard_Engines"
"AQ140A","VOLVO PENTA","Inboard_Engines"
"AQ140A","VOLVO PENTA","Inboard_Engines"
"AQ140A","VOLVO PENTA","Inboard_Engines"
"AQ145A","VOLVO PENTA","Inboard_Engines"
"AQ145A,B","VOLVO PENTA","Inboard_Engines"
"AQ145A,B","VOLVO PENTA","Inboard_Engines"
"AQ150A,B","VOLVO PENTA","Inboard_Engines"
"AQ151A,B,C","VOLVO PENTA","Inboard_Engines"
"AQ151A,B,C","VOLVO PENTA","Inboard_Engines"
"AQ165","VOLVO PENTA","Inboard_Engines"
"AQ165A","VOLVO PENTA","Inboard_Engines"
"AQ170","VOLVO PENTA","Inboard_Engines"
"AQ170,A,B,C","VOLVO PENTA","Inboard_Engines"
"AQ171A,C","VOLVO PENTA","Inboard_Engines"
"AQ171A,C","VOLVO PENTA","Inboard_Engines"
"AQ175A","VOLVO PENTA","Inboard_Engines"
"AQ175A","VOLVO PENTA","Inboard_Engines"
"AQ175A","VOLVO PENTA","Inboard_Engines"
"AQ175,280, T, PT - AQD40 - AQD40, V8","VOLVO PENTA","Inboard_Engines"
"AQ190,A","VOLVO PENTA","Inboard_Engines"
"AQ190A","VOLVO PENTA","Inboard_Engines"
"AQ190A","VOLVO PENTA","Inboard_Engines"
"AQ200A","VOLVO PENTA","Inboard_Engines"
"AQ200A/C/D/F","VOLVO PENTA","Inboard_Engines"
"AQ200-AQ250-AQ270-AQ275","VOLVO PENTA","Inboard_Engines"
"AQ200B","VOLVO PENTA","Inboard_Engines"
"AQ200C","VOLVO PENTA","Inboard_Engines"
"AQ200B/C","VOLVO PENTA","Inboard_Engines"
"AQ200D, AQ200F","VOLVO PENTA","Inboard_Engines"
"AQ200D, AQ200F","VOLVO PENTA","Inboard_Engines"
"AQ205A","VOLVO PENTA","Inboard_Engines"
"AQ205A","VOLVO PENTA","Inboard_Engines"
"AQ210A","VOLVO PENTA","Inboard_Engines"
"AQ211A","VOLVO PENTA","Inboard_Engines"
"AQ211A","VOLVO PENTA","Inboard_Engines"
"AQ225B","VOLVO PENTA","Inboard_Engines"
"AQ225,A/B/C/D/E/F","VOLVO PENTA","Inboard_Engines"
"AQ225,B/C","VOLVO PENTA","Inboard_Engines"
"AQ225C-AQ225D-AQ225E-AQ225F","VOLVO PENTA","Inboard_Engines"
"AQ225D, AQ225E","VOLVO PENTA","Inboard_Engines"
"AQ230A,B","VOLVO PENTA","Inboard_Engines"
"AQ231A,B","VOLVO PENTA","Inboard_Engines"
"AQ231A,B","VOLVO PENTA","Inboard_Engines"
"AQ231B, AQ255B, AQ260A, AQ271A","VOLVO PENTA","Inboard_Engines"
"AQ240,A","VOLVO PENTA","Inboard_Engines"
"AQ240A","VOLVO PENTA","Inboard_Engines"
"AQ240A","VOLVO PENTA","Inboard_Engines"
"AQ250A,B","VOLVO PENTA","Inboard_Engines"
"AQ251A","VOLVO PENTA","Inboard_Engines"
"AQ225A","VOLVO PENTA","Inboard_Engines"
"AQ255A/B","VOLVO PENTA","Inboard_Engines"
"AQ255B","VOLVO PENTA","Inboard_Engines"
"AQ255A/B","VOLVO PENTA","Inboard_Engines"
"AQ260A/B","VOLVO PENTA","Inboard_Engines"
"AQ260A/B","VOLVO PENTA","Inboard_Engines"
"AQ260A/B","VOLVO PENTA","Inboard_Engines"
"AQ271A/B/C/D","VOLVO PENTA","Inboard_Engines"
"AQ271A/B/C/D","VOLVO PENTA","Inboard_Engines"
"AQ271A, AQ271B, AQ271C, AQ271D","VOLVO PENTA","Inboard_Engines"
"AQ280A","VOLVO PENTA","Inboard_Engines"
"AQ280A/B/C/D","VOLVO PENTA","Inboard_Engines"
"AQ290A, BB225A","VOLVO PENTA","Inboard_Engines"
"AQ290A","VOLVO PENTA","Inboard_Engines"
"AQ290A","VOLVO PENTA","Inboard_Engines"
"AQ290A","VOLVO PENTA","Inboard_Engines"
"AQ311A/B","VOLVO PENTA","Inboard_Engines"
"AQ311A/B","VOLVO PENTA","Inboard_Engines"
"AQAD30/A","VOLVO PENTA","Inboard_Engines"
"AQAD30A, AQAD31A, AQAD40A,B","VOLVO PENTA","Inboard_Engines"
"AQAD30A, AQAD31A, AQA41A","VOLVO PENTA","Inboard_Engines"
"AQAD40","VOLVO PENTA","Inboard_Engines"
"AQAD40A, AQAD40B, TAMD40A","VOLVO PENTA","Inboard_Engines"
"AQAD41A","VOLVO PENTA","Inboard_Engines"
"AQAD41A","VOLVO PENTA","Inboard_Engines"
"AQD2B","VOLVO PENTA","Inboard_Engines"
"AQD19","VOLVO PENTA","Inboard_Engines"
"AQD19","VOLVO PENTA","Inboard_Engines"
"AQD19","VOLVO PENTA","Inboard_Engines"
"AQD21A (SN 103387-)","VOLVO PENTA","Inboard_Engines"
"AQD21A","VOLVO PENTA","Inboard_Engines"
"AQD21A,B","VOLVO PENTA","Inboard_Engines"
"AQD21B","VOLVO PENTA","Inboard_Engines"
"AQD21B","VOLVO PENTA","Inboard_Engines"
"AQD21B (SN 103387-)","VOLVO PENTA","Inboard_Engines"
"AQD27","VOLVO PENTA","Inboard_Engines"
"AQD29/A","VOLVO PENTA","Inboard_Engines"
"AQD29/A","VOLVO PENTA","Inboard_Engines"
"AQD30","VOLVO PENTA","Inboard_Engines"
"AQD32A","VOLVO PENTA","Inboard_Engines"
"AQD32A,AQD40A, AQD41A","VOLVO PENTA","Inboard_Engines"
"AQD40","VOLVO PENTA","Inboard_Engines"
"AQD40A","VOLVO PENTA","Inboard_Engines"
"AQD70B,AQD70C, AQD70D, D41A","VOLVO PENTA","Inboard_Engines"
"AQD70CL","VOLVO PENTA","Inboard_Engines"
"AQD140A/B","VOLVO PENTA","Inboard_Engines"
"BB25","VOLVO PENTA","Inboard_Engines"
"BB30,B,F","VOLVO PENTA","Inboard_Engines"
"BB70","VOLVO PENTA","Inboard_Engines"
"BB100,A","VOLVO PENTA","Inboard_Engines"
"BB115","VOLVO PENTA","Inboard_Engines"
"BB115,A,B,C","VOLVO PENTA","Inboard_Engines"
"BB120","VOLVO PENTA","Inboard_Engines"
"BB140A","VOLVO PENTA","Inboard_Engines"
"BB140A","VOLVO PENTA","Inboard_Engines"
"BB145A","VOLVO PENTA","Inboard_Engines"
"BB145A","VOLVO PENTA","Inboard_Engines"
"BB165","VOLVO PENTA","Inboard_Engines"
"BB165A","VOLVO PENTA","Inboard_Engines"
"BB170","VOLVO PENTA","Inboard_Engines"
"BB170A/B/C","VOLVO PENTA","Inboard_Engines"
"BB225A, BB225B, BB225AV","VOLVO PENTA","Inboard_Engines"
"BB225A-BB225B-BB225C","VOLVO PENTA","Inboard_Engines"
"BB225C, 275, 280B, 290A, 290DP","VOLVO PENTA","Inboard_Engines"
"BB231A, BB261A","VOLVO PENTA","Inboard_Engines"
"BB260A, BB260B, BB260C, BB260AV","VOLVO PENTA","Inboard_Engines"
"BB260A, BB260B, BB260C, BB260AV","VOLVO PENTA","Inboard_Engines"
"BB261A","VOLVO PENTA","Inboard_Engines"
"D1-13A,B,F","VOLVO PENTA","Inboard_Engines"
"D1-20A,B,F","VOLVO PENTA","Inboard_Engines"
"D1-30A,B,F","VOLVO PENTA","Inboard_Engines"
"D2-55A, D2-55B. D2-55C, D2-55D, D2-55E, D2-55F","VOLVO PENTA","Inboard_Engines"
"D2-75A, D2-75B, D2-75C, D2-75F","VOLVO PENTA","Inboard_Engines"
"D3","VOLVO PENTA","Inboard_Engines"
"D3-110i-A, D3-110i-B, D3-110i-C","VOLVO PENTA","Inboard_Engines"
"D3-130A-A, D3-130A-B, D3-130A-C","VOLVO PENTA","Inboard_Engines"
"D3-130i-A, D3-130i-B, D3-130i-C","VOLVO PENTA","Inboard_Engines"
"D3-160A-A, D3-160A-B, D3-160A-C","VOLVO PENTA","Inboard_Engines"
"D3-160i-A, D3-160i-B, D3-160i-C","VOLVO PENTA","Inboard_Engines"
"D3-190A-B, D3-190A-C","VOLVO PENTA","Inboard_Engines"
"D3-190i-B, D3-190i-C","VOLVO PENTA","Inboard_Engines"
"D4","VOLVO PENTA","Inboard_Engines"
"D4-180i-B, D4-180i-C, D4-180i-D","VOLVO PENTA","Inboard_Engines"
"D4-210A-A, D4-210A-B","VOLVO PENTA","Inboard_Engines"
"D4-210i-A, D4-210i-B","VOLVO PENTA","Inboard_Engines"
"D4-225A-B, D4-225A-C, D4-225A-D","VOLVO PENTA","Inboard_Engines"
"D4-225i-B, D4-225i-C, D4-225i-D","VOLVO PENTA","Inboard_Engines"
"D4-260A-A, D4-260A-B, D4-260A-C, D4-260A-D","VOLVO PENTA","Inboard_Engines"
"D4-260D-B, D4-260D-C, D4-260D-D","VOLVO PENTA","Inboard_Engines"
"D4-260i-A, D4-260i-B, D4-260i-C, D4-260i-D","VOLVO PENTA","Inboard_Engines"
"D4-300A-A, D4-300A-C, D4-300A-D","VOLVO PENTA","Inboard_Engines"
"D4-300D-A, D4-300D-C, D4-300D-D","VOLVO PENTA","Inboard_Engines"
"D4-300i-A, D4-300i-C, D4-300i-D","VOLVO PENTA","Inboard_Engines"
"D41A,B,D","VOLVO PENTA","Inboard_Engines"
"D41B, D41D, KAD300, KAD32P-A","VOLVO PENTA","Inboard_Engines"
"D6-280A, D6-280A-B, D6-280A-C, D6-280A-D","VOLVO PENTA","Inboard_Engines"
"D6-2801-A, D6-2801-B, D6-2801-C, D6-2801-D-D6-2801-E","VOLVO PENTA","Inboard_Engines"
"D6-3101-A","VOLVO PENTA","Inboard_Engines"
"D6-310A-A, D6-310A-B, D6-310A-C, D6-310A-D-D6-310D-B","VOLVO PENTA","Inboard_Engines"
"D6-310D-C, D6-310D-D","VOLVO PENTA","Inboard_Engines"
"D6-3101-B, D6-3101-C, D6-3101-D","VOLVO PENTA","Inboard_Engines"
"D6-330A-B, D6-330A-C, D6-330A-D, D6-330D-B,","VOLVO PENTA","Inboard_Engines"
"D6-330D-C, D6-330D-D","VOLVO PENTA","Inboard_Engines"
"D6-3301-B, D6-3301-C, D6-3301-D","VOLVO PENTA","Inboard_Engines"
"D6-350A-A, D6-350A-B","VOLVO PENTA","Inboard_Engines"
"D6-370A-B, D6-370A-C, D6-370A-D, D6-370D-B","VOLVO PENTA","Inboard_Engines"
"D6-370D-C, D6-370D-D","VOLVO PENTA","Inboard_Engines"
"D6-3701-A, D6-3701-B, D6-3701-C, D6-3701-D","VOLVO PENTA","Inboard_Engines"
"D6-3101-E","VOLVO PENTA","Inboard_Engines"
"D6-3301-E","VOLVO PENTA","Inboard_Engines"
"D6-3701-E","VOLVO PENTA","Inboard_Engines"
"D6-435D-A","VOLVO PENTA","Inboard_Engines"
"D6-435D-D","VOLVO PENTA","Inboard_Engines"
"D6-435D-C","VOLVO PENTA","Inboard_Engines"
"D6-4351-A, D6-4351-C, D6-4351-D, D6-4351-E","VOLVO PENTA","Inboard_Engines"
"D9A2A D9-425","VOLVO PENTA","Inboard_Engines"
"D9A2A D-500 (R4), D9A2A D9-575","VOLVO PENTA","Inboard_Engines"
"D9A2B D9-425, D9A2B D9-500 (R5)","VOLVO PENTA","Inboard_Engines"
"D9A2A D9A-MH, D9A2B D9-575","VOLVO PENTA","Inboard_Engines"
"D9A2B MH, D9A2C, D9A2D, D9A2E, D9A2F, D9A2G, D9A2H","VOLVO PENTA","Inboard_Engines"
"D9A2J, D9A2K","VOLVO PENTA","Inboard_Engines"
"D12D-A MH, D12D-B MH, D12D-C MH, D12D-E MH, D12D-G MH","VOLVO PENTA","Inboard_Engines"
"D12DC-A MP, D12D-A MP, D12D-B MP, D12D-D MP, D12D-E MP","VOLVO PENTA","Inboard_Engines"
"D12D-F MP, D12D-G MP, D12D-H MP","VOLVO PENTA","Inboard_Engines"
"D12D-A MG, D12D-E MG","VOLVO PENTA","Inboard_Engines"
"D16C-A MH, D16C-B MH, D16C-C MH","VOLVO PENTA","Inboard_Engines"
"D30-D31 Series","VOLVO PENTA","Inboard_Engines"
"D32/ 42/ 43/ 44/ 300 Series","VOLVO PENTA","Inboard_Engines"
"D41 Series","VOLVO PENTA","Inboard_Engines"
"D70CHC","VOLVO PENTA","Inboard_Engines"
"DP-A, DP-A1, DP-A2","VOLVO PENTA","Inboard_Engines"
"DP-C, DP-C1, DP-C1 1.95,DP-C1 2.30","VOLVO PENTA","Inboard_Engines"
"DP-D, DP-D1, DP-D1 1.68, DP-D1 1,78, DP-D1 1.95,DP-D1 2.30","VOLVO PENTA","Inboard_Engines"
"DP-G","VOLVO PENTA","Inboard_Engines"
"DP-S,SX","VOLVO PENTA","Inboard_Engines"
"DP-S,SX","VOLVO PENTA","Inboard_Engines"
"DP-S,SX (if MHP shield, use bellow 3857511)","VOLVO PENTA","Inboard_Engines"
"DPH-B, DPH-C, DPR-B, DPR-C","VOLVO PENTA","Inboard_Engines"
"DPX-A","VOLVO PENTA","Inboard_Engines"
"DPX375-A/B/BF/CF","VOLVO PENTA","Inboard_Engines"
"DPX385XBYDCE","VOLVO PENTA","Inboard_Engines"
"DPX385XEFS","VOLVO PENTA","Inboard_Engines"
"DPX385XLKE","VOLVO PENTA","Inboard_Engines"
"DPX385XWTR","VOLVO PENTA","Inboard_Engines"
"DPX415XBYDCE","VOLVO PENTA","Inboard_Engines"
"DPX415XEFS","VOLVO PENTA","Inboard_Engines"
"DPX415XLKE","VOLVO PENTA","Inboard_Engines"
"DPX415XWTR","VOLVO PENTA","Inboard_Engines"
"DPX420-A/B/BF/CF","VOLVO PENTA","Inboard_Engines"
"KAD42","VOLVO PENTA","Inboard_Engines"
"KAD42  All Models/Tutti Modelli","VOLVO PENTA","Inboard_Engines"
"KAD42A,B,P","VOLVO PENTA","Inboard_Engines"
"KAD42A, KAD42B,KAD42P-A","VOLVO PENTA","Inboard_Engines"
"KAD43P","VOLVO PENTA","Inboard_Engines"
"KAD43P, KAD43P-A","VOLVO PENTA","Inboard_Engines"
"KAD44P","VOLVO PENTA","Inboard_Engines"
"KAD44P-A, KAD44P-B","VOLVO PENTA","Inboard_Engines"
"KAD44P-C, KAMD300, KAMD42A","VOLVO PENTA","Inboard_Engines"
"KAMD42A","VOLVO PENTA","Inboard_Engines"
"KAMD42B, KAMD42P-A, KAMD43P-A","VOLVO PENTA","Inboard_Engines"
"KAMD44P-A, KAMD44P-B, KAMD44P-C","VOLVO PENTA","Inboard_Engines"
"MB2/50S","VOLVO PENTA","Inboard_Engines"
"MB10","VOLVO PENTA","Inboard_Engines"
"MB16A","VOLVO PENTA","Inboard_Engines"
"MB18,F","VOLVO PENTA","Inboard_Engines"
"MB20","VOLVO PENTA","Inboard_Engines"
"MB20A,B,C","VOLVO PENTA","Inboard_Engines"
"MD1A - MD1B","VOLVO PENTA","Inboard_Engines"
"MD1 (SN 14016-)/1B","VOLVO PENTA","Inboard_Engines"
"MD2 - MD2A","VOLVO PENTA","Inboard_Engines"
"MD2B","VOLVO PENTA","Inboard_Engines"
"MD3B","VOLVO PENTA","Inboard_Engines"
"MD5A,B,C","VOLVO PENTA","Inboard_Engines"
"MD6A","VOLVO PENTA","Inboard_Engines"
"MD6B/7A,B/11C,D","VOLVO PENTA","Inboard_Engines"
"MD11C, MD11D","VOLVO PENTA","Inboard_Engines"
"MD17C,D","VOLVO PENTA","Inboard_Engines"
"MD19","VOLVO PENTA","Inboard_Engines"
"MD21A","VOLVO PENTA","Inboard_Engines"
"MD21A (SN 103387-)","VOLVO PENTA","Inboard_Engines"
"MD21A, MD21B, MD22A, MD22L-A","VOLVO PENTA","Inboard_Engines"
"MD21B (SN 103387-)","VOLVO PENTA","Inboard_Engines"
"MD21B","VOLVO PENTA","Inboard_Engines"
"MD22L-B, MD22P-B, TAMD22P-B","VOLVO PENTA","Inboard_Engines"
"MD27","VOLVO PENTA","Inboard_Engines"
"MD29","VOLVO PENTA","Inboard_Engines"
"MD29 - MD29A","VOLVO PENTA","Inboard_Engines"
"MD30/A","VOLVO PENTA","Inboard_Engines"
"MD30A, MD31A, MD32A","VOLVO PENTA","Inboard_Engines"
"MD40","VOLVO PENTA","Inboard_Engines"
"MD40A, MD40B","VOLVO PENTA","Inboard_Engines"
"MD42A, MD42AK (1970-1974)","VOLVO PENTA","Inboard_Engines"
"MD70B, MD70C, TAMD30A","VOLVO PENTA","Inboard_Engines"
"MD100A, MD100B, MD100BCC","VOLVO PENTA","Inboard_Engines"
"MD100BK","VOLVO PENTA","Inboard_Engines"
"MD120A, MD120AK","VOLVO PENTA","Inboard_Engines"
"MD255,MD275","VOLVO PENTA","Inboard_Engines"
"MD1105","VOLVO PENTA","Inboard_Engines"
"MD2002","VOLVO PENTA","Inboard_Engines"
"MD2010A,B,C,D","VOLVO PENTA","Inboard_Engines"
"MD2010B (SN 5101203008-)","VOLVO PENTA","Inboard_Engines"
"MD2010B,2020B","VOLVO PENTA","Inboard_Engines"
"MD2020B (SN 5101203007-)","VOLVO PENTA","Inboard_Engines"
"MD2020C, MD2020D","VOLVO PENTA","Inboard_Engines"
"MD2030A-B-C-D","VOLVO PENTA","Inboard_Engines"
"MD2040A-B-C-D","VOLVO PENTA","Inboard_Engines"
"MS2A-E (Water Pump 858150)","VOLVO PENTA","Inboard_Engines"
"MS2B-A-L-R (Water Pump 858150)","VOLVO PENTA","Inboard_Engines"
"MS2L-E (Water Pump 858150)","VOLVO PENTA","Inboard_Engines"
"MS3B, MS3C, MS4A","VOLVO PENTA","Inboard_Engines"
"MS5","VOLVO PENTA","Inboard_Engines"
"SP-A, SP-A1, SP-A2, SP-C, SP-C1","VOLVO PENTA","Inboard_Engines"
"TAMD30/A","VOLVO PENTA","Inboard_Engines"
"TAMD30A","VOLVO PENTA","Inboard_Engines"
"TAMD31A, TAMD31B, TAMD31D","VOLVO PENTA","Inboard_Engines"
"TAMD31L-A, TAMD31M-A, TAMD31P-A","VOLVO PENTA","Inboard_Engines"
"TAMD31S-A, TAMD41A, TAMD41B","VOLVO PENTA","Inboard_Engines"
"TMD30A","VOLVO PENTA","Inboard_Engines"
"TAMD40","VOLVO PENTA","Inboard_Engines"
"TAMD40B, TAMD61A,TAMD62A","VOLVO PENTA","Inboard_Engines"
"TAMD41A","VOLVO PENTA","Inboard_Engines"
"TAMD41D, TAMD41H-A, TAMD41L-A","VOLVO PENTA","Inboard_Engines"
"TAMD41A, TAMD41B, TAMD41D, TAMD41H-A","VOLVO PENTA","Inboard_Engines"
"TAMD41M-A, TAMD41P-A","VOLVO PENTA","Inboard_Engines"
"TAMD41L-A, TAMD41M-A","VOLVO PENTA","Inboard_Engines"
"TAMD42B, TAMD42WJ-A","VOLVO PENTA","Inboard_Engines"
"TAMD42WJ-A, TAMD60A, TAMD60B","VOLVO PENTA","Inboard_Engines"
"TAMD60C, TAMD70B, TAMD70C","VOLVO PENTA","Inboard_Engines"
"TAMD61A, TAMD62A","VOLVO PENTA","Inboard_Engines"
"TAMD63L-A, TAMD63P-A","VOLVO PENTA","Inboard_Engines"
"TAMD70D, TAMD70E, THAMD70B","VOLVO PENTA","Inboard_Engines"
"TAMD71A, TAMD71B, TAMD72A","VOLVO PENTA","Inboard_Engines"
"TAMD72P-A","VOLVO PENTA","Inboard_Engines"
"TAMD73P-A, TAMD73WJ-A","VOLVO PENTA","Inboard_Engines"
"TAMD74A-A, TAMD74A-B","VOLVO PENTA","Inboard_Engines"
"TAMD74C-A, TAMD74L-A","VOLVO PENTA","Inboard_Engines"
"TAMD74L-B, TAMD74P-A","VOLVO PENTA","Inboard_Engines"
"TAMD74P-B, TAMD75P-A","VOLVO PENTA","Inboard_Engines"
"TAMD102A, TAMD102D","VOLVO PENTA","Inboard_Engines"
"TAMD103A-A, TAMD103A-A AUX","VOLVO PENTA","Inboard_Engines"
"TAMD120A, TAMD120AK, TAMD120B, TAMD120B-CC","VOLVO PENTA","Inboard_Engines"
"TMD120A, TMD120AK,TMD120B","VOLVO PENTA","Inboard_Engines"
"TAMD121D","VOLVO PENTA","Inboard_Engines"
"TAMD122A, TAMD122P-B, TAMD122P-C","VOLVO PENTA","Inboard_Engines"
"TAMD162A, TAMD162B, TAMD162C-TAMD162C-B","VOLVO PENTA","Inboard_Engines"
"TAMD163A-A,TAMD163P-A","VOLVO PENTA","Inboard_Engines"
"TAMD165A-A, TAMD165C-A, TAMD165P-A","VOLVO PENTA","Inboard_Engines"
"TD70CHC","VOLVO PENTA","Inboard_Engines"
"THAMD70C, TMD30A, TMD31A","VOLVO PENTA","Inboard_Engines"
"TMD22A, TMB22B","VOLVO PENTA","Inboard_Engines"
"TMD22P-C","VOLVO PENTA","Inboard_Engines"
"TMD30/A","VOLVO PENTA","Inboard_Engines"
"TMD31B, TMD31D, TMD31L-A","VOLVO PENTA","Inboard_Engines"
"TMD40","VOLVO PENTA","Inboard_Engines"
"TMD40A-TMD40B, TMD40C","VOLVO PENTA","Inboard_Engines"
"TMD41A, TMD41B, TMD41D","VOLVO PENTA","Inboard_Engines"
"TMD41L-A, TMD70B, TMD70C","VOLVO PENTA","Inboard_Engines"
"TMD70B, TMD70C","VOLVO PENTA","Inboard_Engines"
"TMD100A, TMD100AK, TMD100A-CC","VOLVO PENTA","Inboard_Engines"
"TMD100C, TMD102A","VOLVO PENTA","Inboard_Engines"
"TMD120B","VOLVO PENTA","Inboard_Engines"
"TMD120A, TMD120ACC, TMD120AK","VOLVO PENTA","Inboard_Engines"
"TMD121C","VOLVO PENTA","Inboard_Engines"
"V6-200-A","VOLVO PENTA","Inboard_Engines"
"V6-225-A, V6-225E-A","VOLVO PENTA","Inboard_Engines"
"V8-225-C-A, V8-225-C-B,","VOLVO PENTA","Inboard_Engines"
"V8-225-CE-A, V8-225-CE-B","VOLVO PENTA","Inboard_Engines"
"V8-270-A, V8-270-B, V8-270-C-A, V8-270-C-B,","VOLVO PENTA","Inboard_Engines"
"V8-270-CE-A, V8-270-CE-B, V8-270-E-A","VOLVO PENTA","Inboard_Engines"
"V8-300-A, V8-300-B, V8-300-C-A, V8-300-C-B,","VOLVO PENTA","Inboard_Engines"
"V8-300-CE-A, V8-300-CE-B,","VOLVO PENTA","Inboard_Engines"
"V8-300-E-A, V8-300-E-B","VOLVO PENTA","Inboard_Engines"
"V8-320-A, V8-320-A-A, V8-320-B,","VOLVO PENTA","Inboard_Engines"
"V8-320-C-A, V8-320-C-B,","VOLVO PENTA","Inboard_Engines"
"V8-320-CE-A, V8-320-CE-B,","VOLVO PENTA","Inboard_Engines"
"V8-320-E-A, V8-320-E-B","VOLVO PENTA","Inboard_Engines"