BRAND,PART_NUMBER,EQUIVALENT_TO
SIERRA,118-30778,CEF 500178G
SIERRA,118-3306,CEF 500178G
SIERRA,18-30778,CEF 500178G
SIERRA,18-3306,CEF 500178G
VOLVO PENTA,21212794,CEF 500178G
VOLVO PENTA,21213664,CEF 500178G
VOLVO PENTA,21381690,CEF 500178G
VOLVO PENTA,21700445,CEF 500178G
VOLVO PENTA,21951352,CEF 500178G
VOLVO PENTA,21951354,CEF 500178G
VOLVO PENTA,22307636,CEF 500178G
VOLVO PENTA,3584350,CEF 500178G
VOLVO PENTA,3588914,CEF 500178G
VOLVO PENTA,3593660,CEF 500178G
VOLVO PENTA,3595485,CEF 500178G
VOLVO PENTA,3842786,CEF 500178G
VOLVO PENTA,21700443*,CEF 500178G
JMP,7136-01,CEF 500178G
INDMAR,685007,CEF 500178G